<targets selectable="false">
	<title mediatype="0">0004001000020D00</title>
	<title mediatype="0">0004001000021D00</title>
	<title mediatype="0">0004001000022D00</title>
	<title mediatype="0">0004001000026D00</title>
	<title mediatype="0">0004001000027D00</title>
	<title mediatype="0">0004001000028D00</title>
	<title mediatype="0">0004001020020D00</title>
	<title mediatype="0">0004001020021D00</title>
	<title mediatype="0">0004001020022D00</title>
	<title mediatype="0">0004001020027D00</title>
</targets>
